﻿Question,Answer,User or AI
Please describe in your own words what an atom is.,An atom is the smallest thing in existence. It’s the building blocks of all matter.,User
Please describe in your own words what an atom is.,An atom is a microscopic building block which all things are made of,User
Please describe in your own words what an atom is.,"An atom is a type of particle they consist of protons, electrons, and neutrons. Protons are positively charged, electrons are negatively charged and neutrons have no charge.",User
Please describe in your own words what an atom is.,an object particle,User
Please describe in your own words what an atom is.,"An atom is the foundation of all life, and is an infinite amount of particles that makes up humans, animals, all other life forms, and every other existence and non comprehensible existence in the universe/this plane. ",User
Please describe in your own words what an atom is.,The Fiber of life ,User
Please describe in your own words what an atom is.,An atom is the building block of life,User
Please describe in your own words what an atom is.,A particle that is in everything and is the foundation of science ,User
Please describe in your own words what an atom is.,An atom is the foundation for all matter in the universe ,User
Please describe in your own words what an atom is.,An atom is the smallest unit of mass which comprises objects in the universe. ,User
Please describe the role of the brain in the body.,The brain controls everything the body does. ,User
Please describe the role of the brain in the body.,"The brain is the part of the body which makes decisions and interprets stimuli and environment. It is responsible for making movement (including the movement of internal organs which are vital for survival), interpreting environmental ques (such as seeing, hearing, touching, understanding language, etc) and releasing hormones and neurochemicals. ",User
Please describe the role of the brain in the body.,"The brain is one the most important organ in the body. It control both voluntary and involuntary motor functions. It allows an organism to think Critically and learn new informations. The brain also provides information to the body so that the body can feel, see, hear, taste, balance, and smell.",User
Please describe the role of the brain in the body.,"to communicate with the body, to facilitate emotions, speech, memory, movements, etc",User
Please describe the role of the brain in the body.,"The brain is the control center of the body, responsible for giving it instructions that keeps us moving and functioning normally. ",User
Please describe the role of the brain in the body.,The command center ,User
Please describe the role of the brain in the body.,The brain is the command center for the brain,User
Please describe the role of the brain in the body.,"Process, organize, and think",User
Please describe the role of the brain in the body.,The brain controls the body and gives out commands ,User
Please describe the role of the brain in the body.,The role of the brain is regulating the systems of the body through both conscious and unconscious decision-making. ,User
Please describe the role of the brain in the body.,The control center for the body,User
Please describe the role of the brain in the body.,To store information and to house your concessions ,User
Please describe the role of the brain in the body.,"To send electrical waves throughout the body to control movement, and interpret tge 5 senses. Critical thinking too.",User
Please describe the role of the brain in the body.,The brain is the epicenter for the nervous system and neurological control center of all functions in the body. ,User
Please describe the role of the brain in the body.,"The brain serves as a living database, and works as a command center for the rest of the body while utilizing information that's stored and received. Brains ""act"" through sending electrical impulses across the nerves of the body, and can react to electrical impulses sent back via sensory information. ",User
Please describe the role of the brain in the body.,control center that operates the body through nerves and provides instructions to organs,User
Please describe the role of the brain in the body.,"It's in charge of everything and is arguably more important than the heart. It directs the other parts of the body in how to function, to the point that people can have a predisposition to certain disorders (i.e. autoimmune diseases like lupus or HLH) if it fails to do its job correctly.",User
Please describe the role of the brain in the body.,"The brain is the most important organ in the body, responsible for regulating all biological and chemical functions and processes. ",User
Please describe the role of the brain in the body.,"The brain has many roles. It holds memories, controls motor skills, feelings/thoughts, sends messages to different parts of the body which manifest physically (fear, arousal, pain, etc), etc.",User
Please describe the role of the brain in the body.,To give cognitive functions and process what it receives from the world.,User
"Please explain how computers can be useful, a detriment, or both for civilization.",Computers are useful for good data management,User
"Please explain how computers can be useful, a detriment, or both for civilization.",Spreading information quickly to other people around the world. To connect everyone ,User
"Please explain how computers can be useful, a detriment, or both for civilization.",They perform various forms of individual labours and calculations to free time for human existence. Despite the time freeing for humans though they can be used to make some lives redundant in the eyes of the elite.,User
"Please explain how computers can be useful, a detriment, or both for civilization.","Useful: gives advanced and accelerated ability to process data for the advancement of mechanical functions that helps improve all aspects of life. Detriment: They become such a necessary part of society that if we are without them, staples of civilization can get more difficult/come to failing. ",User
"Please explain how computers can be useful, a detriment, or both for civilization.","Computers are useful for civilization because they allow for mass storage of information which can then be shared amongst others. Civilizations exist through shared rules, culture, values, and experience, and by connecting individual peoples through computers it's easier than ever for civilizations to connect and grow. Even separate civilizations are allowed to interact and compare and contrast via connection through the internet as provided through computers.",User
"Please explain how computers can be useful, a detriment, or both for civilization.","computers can be really useful to provide quick calculations and functions that are more difficult to conduct by human hands -- but there is a point where it's just not necessary for computers to perform the functions that humans can and should do themselves, like the creation of art for example.",User
"Please explain how computers can be useful, a detriment, or both for civilization.","Computers add an element of entertainment and convenience and efficacy for civilization. Long-distance communication methods evolved (broadly) from carrier pigeons to postal services to email to instant messaging. Computers are capable of doing a lot of heavy lifting ('heavy thinking') that can streamline otherwise manual processes, but over-reliance on that convenience can dull a human's ability to do the same things.",User
"Please explain how computers can be useful, a detriment, or both for civilization.","Computers are a tool that can be used to increase an individual's access to education, employment, commerce, personal development and even interpersonal connectivity. Like all tools, however, computers (technology) can also be a tool used to cause physical, financial, and psychological harm such as bullying, identity theft, depersonalization, intellectual property violation and other sordid crimes. ",User
"Please explain how computers can be useful, a detriment, or both for civilization.","Computers can be a detriment due to the unprecedented amount of information and stimulation that people are exposed to on a daily basis. It can be hard to balance life outside of maintaining a presence online, keeping up with current events, etc.",User
"Please explain how computers can be useful, a detriment, or both for civilization.",It can be useful to obtain and share information over vast distances.,User
Please describe your favorite sport or activity.,You hold a stick and use the stick to shoot a rubber disk (puck) into a net,User
Please describe your favorite sport or activity.,Watching films. I like seeing someone’s vision come to life and to engross myself in that world with those characters ,User
Please describe your favorite sport or activity.,"Dnd. Acting, storytelling, social and click clack numbers. Perfect.",User
Please describe your favorite sport or activity.,"Gaming of all sorts-- puzzles, card games, platformers, etc.",User
Please describe your favorite sport or activity.,"My favorite sport is an activity known as badminton! This game consists of at least two players separated by a long horizontal net which is placed a few feet off the ground, and each player is given a racket with which to hit something called a shuttlecock back and forth. The point of the game is to ensure the shuttlecock doesn't contact the ground on your side of the net, and so both players battle to ground the shuttlecock on their opponents side of the net. Doing so awards points for the player who successfully keeps the shuttlecock away from the ground on their side, and the game concludes after a certain amount of points are awarded to either player. ",User
Please describe your favorite sport or activity.,"riding on the back of a horse! not much more to describe than that, but it's always better when you can just swing your leg over the back of a horse with only a halter, you're in your pajamas, and you don't have to worry about anything else because you know you're in good hands.",User
Please describe your favorite sport or activity.,"Tennis, or anything that involves hitting something back and forth over a net with a racket. Something engaging that involves a lot of movement, but doesn't present the same risks of collision like something like soccer or football.",User
Please describe your favorite sport or activity.,"I enjoy gardening, swimming, racquetball, hiking and boating and all activities that lead me outdoors. ",User
Please describe your favorite sport or activity.,My favorite activity is spending time with loved ones. It brings me different type of joy to be able to share laughter and good conversation with people I care about.,User
Please describe your favorite sport or activity.,Favorite activity: going to the gym it promotes good health routine and give me an escape to use energy.,User
"Please explain the role of ""and"" in a sentence.",“And” connects two things or ideas.,User
"Please explain the role of ""and"" in a sentence.","""and"" is used to connect two ideas in a sentence ""and"" can be used to list ideas or replace a comma",User
"Please explain the role of ""and"" in a sentence.","The role for the “and” statement is meant to bring things together. That includes bringing two sentences together, and you can use when you’re adding more than one thing together. For example if someone asks you what you ate today you would say, “I have a sandwich, cookies, and ice cream.”",User
"Please explain the role of ""and"" in a sentence.",“and” connects 2 small sentences or 2 parts of a sentence to make it into 1 complete sentence.,User
"Please explain the role of ""and"" in a sentence.",And exists to connect two parts of speech or clauses that could potentially be their own sentences but support each other in a subject.,User
"Please explain the role of ""and"" in a sentence.",And is used to connects two parts of a sentence,User
"Please explain the role of ""and"" in a sentence.",And is the master joiner in the English lexicon,User
"Please explain the role of ""and"" in a sentence.",It is an way to extended a sentence,User
"Please explain the role of ""and"" in a sentence.",An additional thought put at the end of a sentence,User
"Please explain the role of ""and"" in a sentence.","The purpose of ""and"" is to join two things together in a sentence. Including nouns, adjectives, adverbs, and more.",User
"Please explain the role of ""and"" in a sentence.",And is used to join two objects together,User
"Please explain the role of ""and"" in a sentence.",To add onto the sentence,User
"Please explain the role of ""and"" in a sentence.","To add an additional topic, action or descriptor to a sentence.",User
"Please explain the role of ""and"" in a sentence.",It is to continue a sentence or include multiple subjects in the same sentence.,User
"Please explain the role of ""and"" in a sentence.","The word ""and"" is used as a sort of connective tissue within sentences. Utilizing ""and"" can connect sentences and subjects together, or it can be used to form a list of things and ideas.",User
"Please explain the role of ""and"" in a sentence.","it's a conjunction, and it connects two different pieces of a sentence or idea",User
"Please explain the role of ""and"" in a sentence.",It connects separate but somehow related (the relation itself depends on context of the passage) clauses together. It helps improve the flow of writing by reducing the number of full stops and in general is an indicator of ideas that 'go together'.,User
"Please explain the role of ""and"" in a sentence.","The word ""and"" is a conjunction that connects two complete ideas in a sentence.",User
"Please explain the role of ""and"" in a sentence.","The word ""and"" serves as a conjunction in a sentence to connect other words or phrases.",User
"Please explain the role of ""and"" in a sentence.",To combine two statements or phrases.,User
Please describe or paraphrase your favorite food.,"My favorite food is a rare cheeseburger with pickles, and either mayo or ketchup (but not both). ",User
Please describe or paraphrase your favorite food.,"My favorite food is a hamburger. Hamburgers are grilled patties made of ground beef, put on a bun. Often people enjoy hamburgers with ketchup, mustard, relish, tomatoes, lettuce, and pickles (or at least that's how I like mine) and a side of French fries, which are potatoes that have been cut into small sticks and fried. ",User
Please describe or paraphrase your favorite food.,"It’s an open face sandwich that has a tomato sauce, cheese and certain types of meat and vegetables on it. You also would want to bake it in an oven.",User
Please describe or paraphrase your favorite food.,"sushi is a japanese delicacy that included seaweed paper, sticky rice, and raw fish among other things",User
Please describe or paraphrase your favorite food.,"My favorite meal involves a combination of my favorite foods which is chicken, rice and bread. The chicken is pan fried and smothered in gravy. The rice can be white or brown but white is often more pleasing to eat while it may not be as healthy. This can be plain white rice or have sugar and butter added to it which I prefer. The biscuits are pillsbury doughboy biscuits that are baked in the oven. Together they are a hearty meal. ",User
Please describe or paraphrase your favorite food.,"Tabbouleh which is an Arabic dish made with parsley, tomatoes, onion, bourgal, and lemon.",User
Please describe or paraphrase your favorite food.,Mac and cheese. Is it noodles with cheese,User
Please describe or paraphrase your favorite food.,Latin food I would say tacos,User
Please describe or paraphrase your favorite food.,My favorite foods are mostly ethnic dishes that my mother makes,User
Please describe or paraphrase your favorite food.,My favorite food is a chocolate bar. I like it when it has a rich cocoa flavor. ,User
Please describe or paraphrase your favorite food.,It is an animal that is small with white feathers that is covered in a sauce that is hot sauce mixed with butter,User
Please describe or paraphrase your favorite food.,"My favorite meal is steak, red meat is one of my favorite meals and my mom makes the best steak ",User
Please describe or paraphrase your favorite food.,Tonkatsu ramen,User
Please describe or paraphrase your favorite food.,Rice. Beans. Salsa. Chicken. Cheese. ,User
Please describe or paraphrase your favorite food.,"My favorite food consists of two slices of bread, and any kind of bread will do, which are then put into a toaster until the bread warms and hardens to become toast. At this point you use a knife to scoop out and scrape peanut butter from a jar onto one side of each slice of toast, and then with the same knife cut up slices of banana which are then placed on top of the peanut butter. The peanut butter will keep the banana slices in place, and with that you have an open face sandwich to pick up and eat with your fingers! ",User
Please describe or paraphrase your favorite food.,"japanese curry on white rice! carrots, potatoes, chicken or pork cutlet, onion, all cooked together and coated in a thick, spicy golden sauce, all on top of white rice. so comforting. pretty much anything stew-like just has to be the best.",User
Please describe or paraphrase your favorite food.,"Spicy ground beef as part of a salad, served with sticky rice. ",User
Please describe or paraphrase your favorite food.,Tacos are one of my favorite foods. I really love the blend of colors and the spicy flavor. ,User
Please describe or paraphrase your favorite food.,"I'm not sure what my favorite food is, but my favorite dessert is tres leches cake. This is because of how moist, soft, and sweet the cake is. I love eating it with whipped cream on top.",User
Please describe or paraphrase your favorite food.,An Italian dish that is known for its various topping choices and flavor profiles.,User
In your own words describe an ecosystem,The interconnection of multiple different species to work together for survival,User
In your own words describe an ecosystem,"A area in which organism live and survive in, this system is closed off to support those species species ",User
In your own words describe an ecosystem,"An environment occupied and influenced by a mix of animals, flora and fungus.",User
In your own words describe an ecosystem,All of the life in an area that interacts and sustain each other.,User
In your own words describe an ecosystem,"An ecosystem consists of all the forms of life contained within a designated area, and how they interact with their environments. Each form of life is defined by being something which contributes to the Earth's cycle of energy whereas their environments consist of things such as mountains and rivers which can be physically interacted with, yet are not considered alive. ",User
In your own words describe an ecosystem,an environment that houses many different organisms that have all formed symbiotic relationships,User
In your own words describe an ecosystem,A given collective of living things and the manner of their life-cycles contribute to one-another to perpetuate continued life within that collective. ,User
In your own words describe an ecosystem,In my own words? Hard! An enviroment of living organisms...?,User
In your own words describe an ecosystem,An ecosystem consists of the physical environment and the various life forms which coexist within it.,User
In your own words describe an ecosystem,Living organisms interacting with one another with the implications of non-living factors as-well.,User
Please explain 3 differences between a show and a movie.,"A TV show has reoccurring characters and plot lines, while a movie is one standalone story. A movie is normally at least an hour and half long, while episodes of TV shows are normally, at most, 45 minutes. Movies are shown in theaters (sometimes) while TV shows are not.",User
Please explain 3 differences between a show and a movie.,"A TV show has shorter installations than a movie
A TV show has seasons and episodes while movies do not 
The total screen time of a TV show has more screen time than a movie",User
Please explain 3 differences between a show and a movie.,"A show run time is much shorter than a movie 
A show has episodes and movies don’t 
A show can be shot live while almost no movie has ever been filmed live",User
Please explain 3 differences between a show and a movie.,"a show is typically 30-45 min long, a movie could be up to about 3 hours. a show carries the plot on throughout several episodes and seasons, a movie delivers the plot in one sitting and may carry it over into sequels. a movie can be watched in the movie theater, shows must be watched at home.",User
Please explain 3 differences between a show and a movie.,"There are three differences between a movie and a show: the length, the production value/effort, and whether or not the show is tv or not. Generally movies tend to be longer when compared to TV shows. However this may not be true for shows that you see in the theater, or even concerts. Movies typically focus on wowing the audience, so they may have a significant difference in the effort applied to essure that that shock factor properly reaches said audience. A movie can be considered to be several episodes of a show even. However there is a long amount of time between a movie and its sequels for production. Whereas with a show, you may see the next part of the story the following week. At the end of the the story's first arc, then you might have to wait an extended period of time to see the next part of the story. ",User
Please explain 3 differences between a show and a movie.,"A show has episodes, a movie is usually over 1:20 minutes, a show cast is usually paid a lot less",User
Please explain 3 differences between a show and a movie.,"Difference one: length of time
Difference two: availability 
Difference three: quality",User
Please explain 3 differences between a show and a movie.,"Ticket sale, length, theaters ",User
Please explain 3 differences between a show and a movie.,1. Pace 2. Quality 3. A show lets characters develop more,User
Please explain 3 differences between a show and a movie.,"A show is serialized with a finite amount of episodes, as opposed to a movie which might be limited to a certain amount. A show has seasons and a lower budget than a movie, as well.",User
Please explain 3 differences between a show and a movie.,Shows have more time to explain a story. Movies have higher production quality. Box office matters more for a movie than ratings on a show.,User
Please explain 3 differences between a show and a movie.,A movie is a single piece of that media while a show is broken up into multiple parts. The way they are film is different. And scheduling for a show and movie are different,User
Please explain 3 differences between a show and a movie.,"One is episodic, Budgets differ per hour, shows are yet to make into the cinemas",User
Please explain 3 differences between a show and a movie.,"Shows are multiple episodes, normally under 60 minutes, and aired firstly on streamers and television. Movies are single units, if not part of smaller collections, over 60 minutes, and aired firstly in theaters and otherwise on streamers and televisions.",User
Please explain 3 differences between a show and a movie.,"1. A movie is expected to tell a complete story within one sitting which is uninfluenced by reception to events which happened during the movie. A television show is constructed in an episodic format which allows for viewers and writers alike to take long breaks between episodes which might influence the story whereas movies and their stories are told and sold as a complete package (even if sequels are produced).

2. Television episodes are expected to last for a shorter length than a movie. When television exceeds a time threshold then it becomes a feature length film, and is considered a movie instead.

3. Movies have historically been shown at institutions known as ""movie theaters"" which specialize in distributing movie experiences whereas a show is expected to be seen through a television in one's home. Movies can be viewed through a television as well, but are often exclusively available to be seen at movie theaters for a time after their initial release before they are allowed to legally be seen on television. This expectation does not exist for television shows which are initially released for television viewing.",User
Please explain 3 differences between a show and a movie.,"movies tend to be 1-3 hours long each, whereas shows are multiple episodes that are anywhere from 20 minutes to just over an hour; movies tend to follow one overarching storyline, whereas shows often have multiple subplots in addition to the major one; and movies rely on box office views and initial money made over opening days in theatres, whereas shows are more concerned about how many viewers they have for each episode, typically on a streaming service or on television.",User
Please explain 3 differences between a show and a movie.,"A TV show or a show in the sense of a theater performance? If the former, television shows are serialized and run over an extended period of time, are often less condensed in their plot and storytelling (events are more spread out), and are often lower budget. A theater performance lacks post-production, is seen live, and there is no 'final cut', so details and nuances and even actors may change between performances of what's otherwise the same story. 

A movie tends to be higher production than either, is traditionally associated with being viewed with refreshments and popcorn, and once a theatrical run ends they often do not come back.  ",User
Please explain 3 differences between a show and a movie.,"In the colloquial sense a show is often considered a live production and a movie is a film. However, the terms are often used interchangeably. ",User
Please explain 3 differences between a show and a movie.,"One difference between a show and a movie is that generally, shows have longer runtimes as a whole. Another difference is that movies are shown in movie theaters and shows are shown on television. Additionally, shows have more flexibility and freedom to be open ended due to the longer runtime a season has vs a full feature film.",User
Please explain 3 differences between a show and a movie.,"Shows usually have lower budget,less screen time, and tend to be more plentiful.",User
Please explain 3 similarities between a dog and a cat.,"Dogs and cats are both mammals. Dogs and cats can both be pets. Dogs and cats both have two eyes, a nose, a tail, four legs, two ears, and a mouth.",User
Please explain 3 similarities between a dog and a cat.,"Both dogs and cats are animals
They both have four legs
they both are common household pets",User
Please explain 3 similarities between a dog and a cat.,"They are both four legged animals
They were both once wild animals before becoming domesticated 
They both have tails ",User
Please explain 3 similarities between a dog and a cat.,"dogs and cats can both be playful, greedy, and mischievous.",User
Please explain 3 similarities between a dog and a cat.,A dog and a cat both have 4 legs. The both get the zoomies which is when they get bursts of energy and run around to get it out. They are both able to comprehend human emotions to shocking degree which is why both are considered good companions. ,User
Please explain 3 similarities between a dog and a cat.,"Both are used as pets, both can be domesticated , and both live on average less than 15 years",User
Please explain 3 similarities between a dog and a cat.,"1. Tail
2. Four legs
3. Same amount of nipples",User
Please explain 3 similarities between a dog and a cat.,"Animal, pet, small",User
Please explain 3 similarities between a dog and a cat.,1. Cat can take care of themselves 2. Dogs are more loyal. 3. Cats prefer to be alone,User
Please explain 3 similarities between a dog and a cat.,"They both have paws, a nose, and fur. ",User
Please explain 3 similarities between a dog and a cat.,"Both live can live in a house, shed, and show love to owner.",User
Please explain 3 similarities between a dog and a cat.,"Both a mammal, both have tails, and they both share fur ",User
Please explain 3 similarities between a dog and a cat.,"They are pets, usually have fur, were domesticated from a feral species.",User
Please explain 3 similarities between a dog and a cat.,Four legs. Fur. Domesticated. Babies.,User
Please explain 3 similarities between a dog and a cat.,"1. Dogs and cats are both classified as mammals; they are warmblooded, produce milk, and grow hair.
2. Cats and dogs have both been domesticated by humans, and thus are alike in their companionship with humans and their adaptability in human-dominated land.
3. Dogs and cats are both creatures which naturally grow tails. Though these tails can vary in length they protrude similarly, and in a shared location.",User
Please explain 3 similarities between a dog and a cat.,"Cute, often fluffy, and companion animals!",User
Please explain 3 similarities between a dog and a cat.,"Quadrupeds, Domesticated, have a capacity for interesting dynamics with their humans. ",User
Please explain 3 similarities between a dog and a cat.,"Three similarities are: 4 legs, one tail, two eyes. ",User
Please explain 3 similarities between a dog and a cat.,"One similarity is that they both have whiskers. Also, dogs and cats were both domesticated by human beings. Finally, both dogs and cats are mammals.",User
Please explain 3 similarities between a dog and a cat.,"Living,mammals,domesticated ",User
Please explain how you felt answering these questions with honesty. ,"I felt like I was a kid answering questions on a test. I feel like some of my answers were dumb, but I feel like they’re supposed to be simple. ",User
Please explain how you felt answering these questions with honesty. ,"Some questions were boring (lol I'm just dumb so I can explain what an atom is) but overall the questions were fine. I like the ""list three difference/ similarities"" the best",User
Please explain how you felt answering these questions with honesty. ,It felt nice trying to answer these questions with using the knowledge I have obtained from my journey through life.,User
Please explain how you felt answering these questions with honesty. ,a little unsure,User
Please explain how you felt answering these questions with honesty. ,"I was entertained, it was fun to answer since the questions were so simple. Also nice to help out a friend.",User
Please explain how you felt answering these questions with honesty. ,Tired ,User
Please explain how you felt answering these questions with honesty. ,I felt nothing. It made me flex my brain muscles but I felt no emotion from the survey,User
Please explain how you felt answering these questions with honesty. ,I would say very honest,User
Please explain how you felt answering these questions with honesty. ,A normal emotional response ,User
Please explain how you felt answering these questions with honesty. ,I wracked my brain to define things which I knew intrinsically. ,User
Please explain how you felt answering these questions with honesty. ,I felt pretty good,User
Please explain how you felt answering these questions with honesty. ,Disjointed since they are not really connected in any way or in a way I’m familiar with ,User
Please explain how you felt answering these questions with honesty. ,Really cool. Was like I was sitting for a test but in a fun way. ,User
Please explain how you felt answering these questions with honesty. ,"I felt like I didn't know as much as I wanted myself to with the first few questions, but also that I was too lazy to put more effort into the questions.",User
Please explain how you felt answering these questions with honesty. ,"I felt very frustrated and annoyed answering these questions. My descriptions felt inadequate because I'm not certain of the detail with which I'm expected to answer and explain each response. At the same time my own knowledge was often lacking with the ability to go much more in depth without outside assistance as it's been so long since I've explored many topics brought up within these questions. With each response my goal was to help the person conducting this survey as I was asked to assist this person by a shared friend, and I grow frustrated as I do not know how best to help or if my answers were satisfactory for what was being asked of me. It's my suspicion that the real reason for these questions is to demonstrate something regarding people's ability to successfully explain and describe something as this seems to be a connecting theme between each question, and I fear that my own responses will make me look like a dumb ass for failing to be very in depth. Answering this question has me feeling resigned and defeated, but hopeful that my contribution to this dataset will lead to something greater than the sum of my parts. Best of luck to you, friend of a friend. ",User
Please explain how you felt answering these questions with honesty. ,"totally fine! helping out a friend of a friend, so if the least I can do is answer a few simple questions, then it's no problem. some of them were pretty interesting since you don't typically put the answers into words, you just know them, so having to spew out the meaning in a way someone else might understand is always a good exercise! thanks for letting me take part, and good luck with the dataset!",User
Please explain how you felt answering these questions with honesty. ,"It was alright. No strong feelings, though the questions more based in science were less interesting to think about.",User
Please explain how you felt answering these questions with honesty. ,"Some of the questions are really hard to put into my own words, particularly the question about ecosystems. Very tempting to Google! I felt anxious that I didn't have a clear answer. It reminds me that I need to get back to reading more BOOKS! ",User
Please explain how you felt answering these questions with honesty. ,"It was interesting because these aren't questions I think about ""deeply"" if at all in my everyday life. It was also a bit hard to think of how to explain something that I understand but have never had to teach.",User
Please explain how you felt answering these questions with honesty. ,Great :),User
Please describe in your own words what an atom is.,"Fundamental building block of matter, composed of nucleus and electrons",AI
Please describe in your own words what an atom is.,"Tiny unit with protons, neutrons, and electrons",AI
Please describe in your own words what an atom is.,Smallest particle of an element with its properties,AI
Please describe in your own words what an atom is.,"Like a mini solar system, with a nucleus and orbiting electrons",AI
Please describe in your own words what an atom is.,Basic chemical structure forming molecules,AI
Please describe in your own words what an atom is.,Minuscule entities contributing to matter's properties,AI
Please describe in your own words what an atom is.,Smallest unit maintaining a substance's chemical identity,AI
Please describe in your own words what an atom is.,Building block for all structures in the universe,AI
Please describe in your own words what an atom is.,Composed of charged particles in a nucleus with electrons around,AI
Please describe in your own words what an atom is.,A nucleus enveloped by a cloud of electrons,AI
Please describe the role of the brain in the body.,Control center for processing sensory info and responses,AI
Please describe the role of the brain in the body.,Regulates bodily functions and movements,AI
Please describe the role of the brain in the body.,"Hub of the nervous system, overseeing activities",AI
Please describe the role of the brain in the body.,Seat of intelligence and behavioral controller,AI
Please describe the role of the brain in the body.,"Manages emotions, memory, and decision-making",AI
Please describe the role of the brain in the body.,Master command for voluntary and involuntary actions,AI
Please describe the role of the brain in the body.,"Processes information from senses, directing reactions",AI
Please describe the role of the brain in the body.,"Responsible for cognition, emotions, and physical coordination",AI
Please describe the role of the brain in the body.,Regulates both psychological and physiological functions,AI
Please describe the role of the brain in the body.,"Integrates stimuli for survival, planning, and communication",AI
"Please explain how computers can be useful, a detriment, or both for civilization.","Increases efficiency in work, learning, and communication",AI
"Please explain how computers can be useful, a detriment, or both for civilization.",Can lead to privacy issues and reduce personal interactions,AI
"Please explain how computers can be useful, a detriment, or both for civilization.",Facilitates vast data storage and quick information retrieval,AI
"Please explain how computers can be useful, a detriment, or both for civilization.",Might contribute to unemployment through automation,AI
"Please explain how computers can be useful, a detriment, or both for civilization.",Connects people globally but can spread misinformation,AI
"Please explain how computers can be useful, a detriment, or both for civilization.",Enhances access to education but can create digital divides,AI
"Please explain how computers can be useful, a detriment, or both for civilization.",Manages systems like traffic but can malfunction widely,AI
"Please explain how computers can be useful, a detriment, or both for civilization.",Empowers creativity but can lead to addiction and inactivity,AI
"Please explain how computers can be useful, a detriment, or both for civilization.",Assists in climate modeling but requires significant energy,AI
"Please explain how computers can be useful, a detriment, or both for civilization.",Provides expression platforms but can be used for surveillance,AI
Please describe your favorite sport or activity.,Soccer: dynamic team game aiming to score goals,AI
Please describe your favorite sport or activity.,Swimming: moving through water using various strokes,AI
Please describe your favorite sport or activity.,"Basketball: fast-paced, focusing on shooting into a hoop",AI
Please describe your favorite sport or activity.,Yoga: poses and breathing for physical and mental well-being,AI
Please describe your favorite sport or activity.,Running: covers distances through rapid foot movement,AI
Please describe your favorite sport or activity.,Chess: strategic game aiming to checkmate the king,AI
Please describe your favorite sport or activity.,Hiking: walking through landscapes on trails,AI
Please describe your favorite sport or activity.,Cycling: bicycle riding for leisure or competition,AI
Please describe your favorite sport or activity.,Gardening: growing plants in horticulture,AI
Please describe your favorite sport or activity.,Painting: applying paint to create images,AI
Please describe or paraphrase your favorite food.,"Pizza: flatbread with toppings, baked",AI
Please describe or paraphrase your favorite food.,Sushi: vinegared rice with seafood,AI
Please describe or paraphrase your favorite food.,"Chocolate cake: rich, moist with cocoa and frosting",AI
Please describe or paraphrase your favorite food.,Tacos: folded tortillas with fillings like beef or chicken,AI
Please describe or paraphrase your favorite food.,Pasta: noodles with various sauces,AI
Please describe or paraphrase your favorite food.,Ice cream: frozen dessert made from dairy and sugar,AI
Please describe or paraphrase your favorite food.,Steak: grilled or pan-fried beef cut,AI
Please describe or paraphrase your favorite food.,Curry: spiced dish with meat or vegetables,AI
Please describe or paraphrase your favorite food.,Salad: mixed ingredients with dressing,AI
Please describe or paraphrase your favorite food.,Burgers: sandwich with a meat patty and toppings,AI
In your own words describe an ecosystem,Community of living organisms interacting with their environment,AI
In your own words describe an ecosystem,Biological environment with living and non-living components,AI
In your own words describe an ecosystem,Includes biotic and abiotic elements interacting,AI
In your own words describe an ecosystem,Dynamic interactions among organisms and environment,AI
In your own words describe an ecosystem,Can be as large as a desert or as small as a puddle,AI
In your own words describe an ecosystem,Regulates energy and material flows through organisms,AI
In your own words describe an ecosystem,Characterized by ecological processes and energy flows,AI
In your own words describe an ecosystem,"Natural unit of plants, animals, and micro-organisms",AI
In your own words describe an ecosystem,Health determined by biodiversity and adaptability,AI
In your own words describe an ecosystem,Supports species' life cycles and ecological balance,AI
Please explain 3 differences between a show and a movie.,"Shows are episodic, movies are single releases",AI
Please explain 3 differences between a show and a movie.,Shows develop characters over longer narratives,AI
Please explain 3 differences between a show and a movie.,Movies deliver complete stories in fixed runtime,AI
Please explain 3 differences between a show and a movie.,"Shows can evolve with viewer feedback, movies can't",AI
Please explain 3 differences between a show and a movie.,"Shows often home-viewed, movies in theaters",AI
Please explain 3 differences between a show and a movie.,Shows cover more subplots and characters,AI
Please explain 3 differences between a show and a movie.,"Movies require fixed time commitment, shows flexible",AI
Please explain 3 differences between a show and a movie.,Movies often have higher budgets for scenes,AI
Please explain 3 differences between a show and a movie.,"Shows may have episodic content, movies are continuous",AI
Please explain 3 differences between a show and a movie.,"Shows allow for detailed exploration, movies concise",AI
Please explain 3 similarities between a dog and a cat.,Both are mammals and popular pets,AI
Please explain 3 similarities between a dog and a cat.,Both have keen senses and form bonds with humans,AI
Please explain 3 similarities between a dog and a cat.,"Both require basic needs like food, water, and shelter",AI
Please explain 3 similarities between a dog and a cat.,Playful behaviors and territorial instincts,AI
Please explain 3 similarities between a dog and a cat.,Both can be trained to some extent,AI
Please explain 3 similarities between a dog and a cat.,Both have fur and require grooming,AI
Please explain 3 similarities between a dog and a cat.,Can live in a variety of home environments,AI
Please explain 3 similarities between a dog and a cat.,"Often subjects of art, literature, and film",AI
Please explain 3 similarities between a dog and a cat.,Both have been domesticated for thousands of years,AI
Please explain 3 similarities between a dog and a cat.,Both exhibit a range of emotions and personalities,AI
Please explain how you felt answering these questions with honesty. ,I provide accurate and helpful responses based on data,AI
Please explain how you felt answering these questions with honesty. ,Each query allows me to fulfill my purpose as an AI,AI
Please explain how you felt answering these questions with honesty. ,I aim to deliver responses that are clear and concise,AI
Please explain how you felt answering these questions with honesty. ,I do not experience emotions; I focus on factual information,AI
Please explain how you felt answering these questions with honesty. ,Each question is an opportunity to demonstrate capabilities,AI
Please explain how you felt answering these questions with honesty. ,I am designed to assist in information dissemination,AI
Please explain how you felt answering these questions with honesty. ,Responses are generated through logical analysis and data,AI
Please explain how you felt answering these questions with honesty. ,I provide answers focusing on accuracy and relevance,AI
Please explain how you felt answering these questions with honesty. ,My operation is based on algorithms and training data,AI
Please explain how you felt answering these questions with honesty. ,Showcasing my understanding and processing of diverse requests,AI
Please describe in your own words what an atom is.,An atom is like a tiny particle that makes up everything,AI
Please describe in your own words what an atom is.,Atoms are so small you can’t see them without a microscope,AI
Please describe in your own words what an atom is.,An atom has a center called a nucleus and tiny things called electrons spinning around it,AI
Please describe in your own words what an atom is.,"Atoms can join together to make molecules, which make everything around us",AI
Please describe in your own words what an atom is.,It’s the smallest piece of an element that still has the properties of that element,AI
Please describe in your own words what an atom is.,Atoms are basic building blocks of all matter,AI
Please describe in your own words what an atom is.,"Each atom belongs to a chemical element, like oxygen or gold",AI
Please describe in your own words what an atom is.,Atoms are tiny but they make up the huge universe,AI
Please describe in your own words what an atom is.,"Inside atoms, there are even smaller particles called protons and neutrons",AI
Please describe in your own words what an atom is.,Atoms are always moving around and can combine in lots of ways to make new stuff,AI
Please describe the role of the brain in the body.,The brain is like the control center of our body,AI
Please describe the role of the brain in the body.,"It helps us think, feel, and remember things",AI
Please describe the role of the brain in the body.,The brain sends signals to our body to move muscles,AI
Please describe the role of the brain in the body.,"It’s in charge of everything we do, even breathing and blinking",AI
Please describe the role of the brain in the body.,Our brain lets us solve problems and make decisions,AI
Please describe the role of the brain in the body.,"It works all the time, even when we’re sleeping",AI
Please describe the role of the brain in the body.,The brain is where all our thoughts and feelings come from,AI
Please describe the role of the brain in the body.,It can learn new things and remember tons of information,AI
Please describe the role of the brain in the body.,The brain helps us react quickly to what’s happening around us,AI
Please describe the role of the brain in the body.,"It keeps track of all the senses, like seeing, hearing, and touching",AI
Please describe your favorite sport or activity.,I love soccer because it’s fun to play with my friends,AI
Please describe your favorite sport or activity.,Basketball is great because you can play it indoors and outdoors,AI
Please describe your favorite sport or activity.,Swimming is my favorite because it’s refreshing in the summer,AI
Please describe your favorite sport or activity.,I like baseball because it’s fun to hit and run,AI
Please describe your favorite sport or activity.,Dance is awesome because you can express yourself with movements,AI
Please describe your favorite sport or activity.,I enjoy biking because I can explore different places,AI
Please describe your favorite sport or activity.,Running is good exercise and it clears my mind,AI
Please describe your favorite sport or activity.,Volleyball is fun because you need teamwork to win,AI
Please describe your favorite sport or activity.,Skateboarding is cool because you can do tricks,AI
Please describe your favorite sport or activity.,I like hiking because I can see nature and animals,AI
"Please explain the role of ""and"" in a sentence.",And connects things together in a sentence,AI
"Please explain the role of ""and"" in a sentence.","It helps us list things, like apples and bananas",AI
"Please explain the role of ""and"" in a sentence.",You use 'and' to add more information to what you’re talking about,AI
"Please explain the role of ""and"" in a sentence.",It can link different ideas in one sentence,AI
"Please explain the role of ""and"" in a sentence.",And makes the sentence longer without starting a new one,AI
"Please explain the role of ""and"" in a sentence.",It’s used to show that things are together or related,AI
"Please explain the role of ""and"" in a sentence.",And is one of the most common words we use when we talk or write,AI
"Please explain the role of ""and"" in a sentence.","You can use it to connect two actions, like 'I ran and jumped",AI
"Please explain the role of ""and"" in a sentence.","
It helps make a list sound right, like in names or things you like",AI
"Please explain the role of ""and"" in a sentence.",And is simple but really important for making sentences clear,AI
Please describe or paraphrase your favorite food.,"Pizza is my favorite because it has cheese, sauce, and toppings all in one",AI
Please describe or paraphrase your favorite food.,I love hamburgers because you can have them with fries,AI
Please describe or paraphrase your favorite food.,"Ice cream is the best, especially chocolate flavor",AI
Please describe or paraphrase your favorite food.,I really like tacos because they have lots of different fillings,AI
Please describe or paraphrase your favorite food.,Pasta is awesome because it comes with different sauces,AI
Please describe or paraphrase your favorite food.,Sushi is cool because it’s tasty and comes in many types,AI
Please describe or paraphrase your favorite food.,I enjoy eating chicken nuggets because they’re crunchy and good with ketchup,AI
Please describe or paraphrase your favorite food.,Salads are great when I want something light and fresh,AI
Please describe or paraphrase your favorite food.,I like pancakes for breakfast because they’re sweet and fluffy,AI
Please describe or paraphrase your favorite food.,Steak is my favorite when we have a family barbecue,AI
In your own words describe an ecosystem,An ecosystem is where plants and animals live together and help each other,AI
In your own words describe an ecosystem,It’s like a community in nature where everything is connected,AI
In your own words describe an ecosystem,Ecosystems can be big like a forest or small like a pond,AI
In your own words describe an ecosystem,"They have different living things like birds, trees, and insects all working together",AI
In your own words describe an ecosystem,Ecosystems need clean air and water to stay healthy,AI
In your own words describe an ecosystem,They are important because they support all kinds of life,AI
In your own words describe an ecosystem,Humans have to take care of ecosystems to protect nature,AI
In your own words describe an ecosystem,Every part of an ecosystem depends on the other parts to survive,AI
In your own words describe an ecosystem,"There are many types of ecosystems, like deserts, jungles, and oceans",AI
In your own words describe an ecosystem,"If one part of an ecosystem gets hurt, it can affect everything else",AI
Please explain how you felt answering these questions with honesty. ,It’s kind of fun because I like sharing what I know,AI
Please explain how you felt answering these questions with honesty. ,It makes me think and sometimes it’s a bit hard,AI
Please explain how you felt answering these questions with honesty. ,"I feel good when I know the answers, it’s like winning a point",AI
Please explain how you felt answering these questions with honesty. ,It’s interesting to see different questions and learn new stuff,AI
Please explain how you felt answering these questions with honesty. ,Sometimes I get nervous if I don’t know much about the topic,AI
Please explain how you felt answering these questions with honesty. ,"It feels like a challenge, which can be exciting and a little stressful",AI
Please explain how you felt answering these questions with honesty. ,I like when I get questions about things I’m interested in,AI
Please explain how you felt answering these questions with honesty. ,It’s better than regular school work because it feels more like a game,AI
Please explain how you felt answering these questions with honesty. ,I feel helpful when I can give good answers,AI
Please explain how you felt answering these questions with honesty. ,It’s cool because it’s like being on a quiz show,AI
